Source ID,Source Name,Bundle ID,Version,Asset Name,Downloads,Asset Size,Release Tag,Release Date
dsre-git-skillset,Git Skillset,dsre-git-skillset,dsre-git-skillset-v0.1.0,dsre-git-skillset.bundle.zip,26,7795,dsre-git-skillset-v0.1.0,2026-03-13T14:41:17Z
spec-driven-instructions,Task driven workflow,workflow-nevio,workflow-nevio-v2.0.7,workflow-nevio.bundle.zip,129,22622,workflow-nevio-v2.0.7,2026-05-13T12:09:45Z
spec-driven-instructions,Task driven workflow,pr-review,pr-review-v1.0.2,pr-review.bundle.zip,74,27363,pr-review-v1.0.2,2026-05-13T12:10:49Z
spec-driven-instructions,Task driven workflow,foursight-code-assessment,foursight-code-assessment-v1.0.1,foursight-code-assessment.bundle.zip,29,20549,foursight-code-assessment-v1.0.1,2026-05-13T12:10:45Z
spec-driven-instructions,Task driven workflow,workflow-nevio,workflow-nevio-v2.0.6,workflow-nevio.bundle.zip,135,22562,workflow-nevio-v2.0.6,2026-04-07T15:03:03Z
spec-driven-instructions,Task driven workflow,pr-review,pr-review-v1.0.1,pr-review.bundle.zip,74,26744,pr-review-v1.0.1,2026-04-07T14:53:16Z
spec-driven-instructions,Task driven workflow,foursight-code-assessment,foursight-code-assessment-v1.0.0,foursight-code-assessment.bundle.zip,16,19924,foursight-code-assessment-v1.0.0,2026-04-07T14:53:13Z
spec-driven-instructions,Task driven workflow,workflow-nevio,workflow-nevio-v2.0.5,workflow-nevio.bundle.zip,21,22534,workflow-nevio-v2.0.5,2026-04-02T14:18:23Z
spec-driven-instructions,Task driven workflow,task-driven-agents,task-driven-agents-v1.0.5,task-driven-agents.bundle.zip,17,26918,task-driven-agents-v1.0.5,2026-04-02T14:18:19Z
spec-driven-instructions,Task driven workflow,pr-review,pr-review-v1.0.0,pr-review.bundle.zip,25,16721,pr-review-v1.0.0,2026-03-23T16:36:38Z
spec-driven-instructions,Task driven workflow,agents-md-creator,agents-md-creator-v1.0.0,agents-md-creator.bundle.zip,21,14560,agents-md-creator-v1.0.0,2026-03-05T10:29:13Z
spec-driven-instructions,Task driven workflow,workflow-nevio,workflow-nevio-v2.0.4,workflow-nevio.bundle.zip,241,22132,workflow-nevio-v2.0.4,2026-02-03T17:14:13Z
spec-driven-instructions,Task driven workflow,task-driven-agents,task-driven-agents-v1.0.4,task-driven-agents.bundle.zip,54,34288,task-driven-agents-v1.0.4,2026-01-26T12:47:58Z
spec-driven-instructions,Task driven workflow,workflow-nevio,workflow-nevio-v2.0.3,workflow-nevio.bundle.zip,82,22137,workflow-nevio-v2.0.3,2026-01-21T16:32:15Z
spec-driven-instructions,Task driven workflow,workflow-nevio,workflow-nevio-v2.0.1,workflow-nevio.bundle.zip,2,22065,workflow-nevio-v2.0.1,2026-01-12T09:03:44Z
spec-driven-instructions,Task driven workflow,task-driven-agents,task-driven-agents-v1.0.3,task-driven-agents.bundle.zip,4,34244,task-driven-agents-v1.0.3,2026-01-12T09:03:41Z
spec-driven-instructions,Task driven workflow,task-driven-agents,task-driven-agents-v1.0.2,task-driven-agents.bundle.zip,3,33435,task-driven-agents-v1.0.2,2026-01-06T14:26:57Z
spec-driven-instructions,Task driven workflow,workflow-nevio,1.0.21,workflow-nevio-1.0.21.zip,20,18447,1.0.21,2025-12-19T10:05:50Z
spec-driven-instructions,Task driven workflow,task-driven-agents,task-driven-agents-v1.0.1,task-driven-agents.bundle.zip,2,32091,task-driven-agents-v1.0.1,2025-12-19T21:06:09Z
spec-driven-instructions,Task driven workflow,workflow-nevio,1.0.20,workflow-nevio-1.0.20.zip,37,17887,1.0.20,2025-12-12T14:26:26Z
spec-driven-instructions,Task driven workflow,workflow-nevio,1.0.19,workflow-nevio-1.0.19.zip,40,15654,1.0.19,2025-12-05T10:09:15Z
spec-driven-instructions,Task driven workflow,workflow-nevio,1.0.18,workflow-nevio-1.0.18.zip,50,15067,1.0.18,2025-12-03T12:17:09Z
spec-driven-instructions,Task driven workflow,workflow-nevio,1.0.17,workflow-nevio-1.0.17.zip,60,14706,1.0.17,2025-12-02T09:32:32Z
spec-driven-instructions,Task driven workflow,workflow-nevio,1.0.16,workflow-nevio-1.0.16.zip,18,15836,1.0.16,2025-11-28T11:48:38Z
spec-driven-instructions,Task driven workflow,workflow-nevio,1.0.15,workflow-nevio-1.0.15.zip,8,15835,1.0.15,2025-11-28T11:40:07Z
spec-driven-instructions,Task driven workflow,workflow-nevio,1.0.14,workflow-nevio-1.0.14.zip,3,15688,1.0.14,2025-11-28T11:26:03Z
spec-driven-instructions,Task driven workflow,workflow-nevio,1.0.13,workflow-nevio-1.0.13.zip,7,15678,1.0.13,2025-11-28T11:22:34Z
spec-driven-instructions,Task driven workflow,workflow-nevio,1.0.12,workflow-nevio-1.0.12.zip,5,15670,1.0.12,2025-11-27T16:42:35Z
spec-driven-instructions,Task driven workflow,workflow-nevio,1.0.5,workflow-nevio-1.0.5.zip,4,10267,1.0.5,2025-11-24T11:20:24Z
spec-driven-instructions,Task driven workflow,workflow-nevio,1.0.4,workflow-nevio-1.0.4.zip,2,10860,1.0.4,2025-11-18T17:27:47Z
spec-driven-instructions,Task driven workflow,workflow-nevio,1.0.3,workflow-nevio-1.0.3.zip,3,4468,1.0.3,2025-11-14T13:49:17Z
spec-driven-instructions,Task driven workflow,workflow-nevio,1.0.2,workflow-nevio-1.0.2.zip,0,4468,1.0.2,2025-11-14T13:47:13Z
ospo-skills,OSPO Skills Collection,amadeus-ospo,amadeus-ospo-v1.0.1,amadeus-ospo.bundle.zip,79,73824,amadeus-ospo-v1.0.1,2026-01-19T17:16:13Z
ospo-skills,OSPO Skills Collection,amadeus-ospo,amadeus-ospo-v1.0.0,amadeus-ospo.bundle.zip,4,68569,amadeus-ospo-v1.0.0,2026-01-14T22:11:22Z
aude-skills,AUDE Skills Collection,aude,aude-v0.1.5,aude.bundle.zip,61,9373,aude-v0.1.5,2026-02-06T16:45:46Z
aude-skills,AUDE Skills Collection,aude,aude-v0.1.4,aude.bundle.zip,3,9356,aude-v0.1.4,2026-02-06T13:11:16Z
slidev-skills,Slidev Skills Collection,slidev,slidev-v1.0.1,slidev.bundle.zip,47,28304,slidev-v1.0.1,2026-03-31T12:37:26Z
slidev-skills,Slidev Skills Collection,slidev,slidev-v1.0.0,slidev.bundle.zip,21,28584,slidev-v1.0.0,2026-02-06T17:30:46Z
ai-engineering-primitives,AI Engineering Primitives,rtl-engineering,rtl-engineering-v1.0.0,rtl-engineering.bundle.zip,8,13562,rtl-engineering-v1.0.0,2026-05-21T09:20:15Z
ai-engineering-primitives,AI Engineering Primitives,java-engineering,java-engineering-v1.0.13,java-engineering.bundle.zip,36,187983,java-engineering-v1.0.13,2026-05-21T09:20:10Z
ai-engineering-primitives,AI Engineering Primitives,java-engineering,java-engineering-v1.0.12,java-engineering.bundle.zip,12,151988,java-engineering-v1.0.12,2026-05-19T06:24:34Z
ai-engineering-primitives,AI Engineering Primitives,java-engineering,java-engineering-v1.0.11,java-engineering.bundle.zip,43,143700,java-engineering-v1.0.11,2026-04-23T09:30:32Z
ai-engineering-primitives,AI Engineering Primitives,java-engineering,java-engineering-v1.0.10,java-engineering.bundle.zip,3,90472,java-engineering-v1.0.10,2026-04-22T16:10:12Z
ai-engineering-primitives,AI Engineering Primitives,java-engineering,java-engineering-v1.0.9,java-engineering.bundle.zip,9,76783,java-engineering-v1.0.9,2026-04-17T11:27:43Z
ai-engineering-primitives,AI Engineering Primitives,java-engineering,java-engineering-v1.0.8,java-engineering.bundle.zip,6,68247,java-engineering-v1.0.8,2026-04-14T09:32:16Z
ai-engineering-primitives,AI Engineering Primitives,java-engineering,java-engineering-v1.0.7,java-engineering.bundle.zip,2,66807,java-engineering-v1.0.7,2026-04-13T16:02:27Z
ai-engineering-primitives,AI Engineering Primitives,java-engineering,java-engineering-v1.0.6,java-engineering.bundle.zip,1,60889,java-engineering-v1.0.6,2026-04-10T15:06:20Z
ai-engineering-primitives,AI Engineering Primitives,java-engineering,java-engineering-v1.0.5,java-engineering.bundle.zip,2,42842,java-engineering-v1.0.5,2026-04-10T09:32:22Z
ai-engineering-primitives,AI Engineering Primitives,java-engineering,java-engineering-v1.0.4,java-engineering.bundle.zip,10,14563,java-engineering-v1.0.4,2026-03-27T11:39:05Z
ai-engineering-primitives,AI Engineering Primitives,java-engineering,java-engineering-v1.0.3,java-engineering.bundle.zip,2,14062,java-engineering-v1.0.3,2026-03-27T09:26:23Z
ai-engineering-primitives,AI Engineering Primitives,java-engineering,java-engineering-v1.0.2,java-engineering.bundle.zip,15,10369,java-engineering-v1.0.2,2026-03-19T14:41:41Z
ai-engineering-primitives,AI Engineering Primitives,java-engineering,java-engineering-v1.0.1,java-engineering.bundle.zip,0,10452,java-engineering-v1.0.1,2026-03-19T14:38:37Z
ai-engineering-primitives,AI Engineering Primitives,java-engineering,java-engineering-v1.0.0,java-engineering.bundle.zip,0,10455,java-engineering-v1.0.0,2026-03-19T10:46:07Z
code-reviewer-generator-skills,PR Reviewer Generator,pr-reviewer-generator,pr-reviewer-generator-v1.0.5,pr-reviewer-generator.bundle.zip,24,47585,pr-reviewer-generator-v1.0.5,2026-05-19T07:29:16Z
code-reviewer-generator-skills,PR Reviewer Generator,pr-reviewer-generator,pr-reviewer-generator-v1.0.4,pr-reviewer-generator.bundle.zip,52,46385,pr-reviewer-generator-v1.0.4,2026-03-19T12:48:28Z
code-reviewer-generator-skills,PR Reviewer Generator,pr-reviewer-generator,pr-reviewer-generator-v1.0.3,pr-reviewer-generator.bundle.zip,1,45863,pr-reviewer-generator-v1.0.3,2026-03-19T11:43:56Z
code-reviewer-generator-skills,PR Reviewer Generator,pr-reviewer-generator,pr-reviewer-generator-v1.0.2,pr-reviewer-generator.bundle.zip,17,34483,pr-reviewer-generator-v1.0.2,2026-03-10T12:44:33Z
code-reviewer-generator-skills,PR Reviewer Generator,pr-reviewer-generator,pr-reviewer-generator-v1.0.1,pr-reviewer-generator.bundle.zip,1,29191,pr-reviewer-generator-v1.0.1,2026-03-09T16:25:40Z
code-reviewer-generator-skills,PR Reviewer Generator,pr-reviewer-generator,pr-reviewer-generator-v1.0.0,pr-reviewer-generator.bundle.zip,21,25908,pr-reviewer-generator-v1.0.0,2026-02-17T09:33:30Z
offer-agent-skills,Offer Skills Collection,skill-evaluation,skill-evaluation-v1.0.3,skill-evaluation.bundle.zip,4,187997,skill-evaluation-v1.0.3,2026-06-02T15:14:49Z
offer-agent-skills,Offer Skills Collection,raav-workflow,raav-workflow-v1.0.0,raav-workflow.bundle.zip,12,14642,raav-workflow-v1.0.0,2026-06-02T12:43:48Z
offer-agent-skills,Offer Skills Collection,log-verbosity-reduction,log-verbosity-reduction-v1.1.6,log-verbosity-reduction.bundle.zip,22,138151,log-verbosity-reduction-v1.1.6,2026-06-02T15:14:43Z
offer-agent-skills,Offer Skills Collection,redteam-agent-fleet,redteam-agent-fleet-v1.0.0,redteam-agent-fleet.bundle.zip,2,41823,redteam-agent-fleet-v1.0.0,2026-05-28T14:38:12Z
offer-agent-skills,Offer Skills Collection,skill-evaluation,skill-evaluation-v1.0.2,skill-evaluation.bundle.zip,25,187501,skill-evaluation-v1.0.2,2026-05-23T16:31:08Z
offer-agent-skills,Offer Skills Collection,reflex,reflex-v1.1.8,reflex.bundle.zip,27,364663,reflex-v1.1.8,2026-05-23T16:31:04Z
offer-agent-skills,Offer Skills Collection,log-verbosity-reduction,log-verbosity-reduction-v1.1.5,log-verbosity-reduction.bundle.zip,9,134789,log-verbosity-reduction-v1.1.5,2026-05-23T16:31:01Z
offer-agent-skills,Offer Skills Collection,batch-elasticity,batch-elasticity-v1.0.4,batch-elasticity.bundle.zip,2,6723,batch-elasticity-v1.0.4,2026-05-23T16:30:58Z
offer-agent-skills,Offer Skills Collection,batch-elasticity,batch-elasticity-v1.0.3,batch-elasticity.bundle.zip,0,6723,batch-elasticity-v1.0.3,2026-05-23T16:29:27Z
offer-agent-skills,Offer Skills Collection,skill-evaluation,skill-evaluation-v1.0.1,skill-evaluation.bundle.zip,2,187460,skill-evaluation-v1.0.1,2026-05-22T22:45:01Z
offer-agent-skills,Offer Skills Collection,skill-evaluation,skill-evaluation-v1.0.0,skill-evaluation.bundle.zip,2,186887,skill-evaluation-v1.0.0,2026-05-22T14:29:55Z
offer-agent-skills,Offer Skills Collection,reflex,reflex-v1.1.7,reflex.bundle.zip,2,364595,reflex-v1.1.7,2026-05-22T22:44:58Z
offer-agent-skills,Offer Skills Collection,reflex,reflex-v1.1.6,reflex.bundle.zip,2,363808,reflex-v1.1.6,2026-05-22T14:29:51Z
offer-agent-skills,Offer Skills Collection,log-verbosity-reduction,log-verbosity-reduction-v1.1.4,log-verbosity-reduction.bundle.zip,1,134796,log-verbosity-reduction-v1.1.4,2026-05-22T22:44:54Z
offer-agent-skills,Offer Skills Collection,log-verbosity-reduction,log-verbosity-reduction-v1.1.3,log-verbosity-reduction.bundle.zip,1,134721,log-verbosity-reduction-v1.1.3,2026-05-22T14:29:47Z
offer-agent-skills,Offer Skills Collection,batch-elasticity,batch-elasticity-v1.0.2,batch-elasticity.bundle.zip,0,6726,batch-elasticity-v1.0.2,2026-05-22T22:44:50Z
offer-agent-skills,Offer Skills Collection,batch-elasticity,batch-elasticity-v1.0.1,batch-elasticity.bundle.zip,0,6698,batch-elasticity-v1.0.1,2026-05-22T14:29:43Z
offer-agent-skills,Offer Skills Collection,reflex,reflex-v1.1.5,reflex.bundle.zip,8,359324,reflex-v1.1.5,2026-05-20T09:35:32Z
offer-agent-skills,Offer Skills Collection,reflex,reflex-v1.1.4,reflex.bundle.zip,0,359200,reflex-v1.1.4,2026-05-20T08:35:06Z
offer-agent-skills,Offer Skills Collection,reflex,reflex-v1.1.3,reflex.bundle.zip,1,350376,reflex-v1.1.3,2026-05-19T15:01:47Z
offer-agent-skills,Offer Skills Collection,reflex,reflex-v1.1.2,reflex.bundle.zip,0,348722,reflex-v1.1.2,2026-05-19T12:22:44Z
offer-agent-skills,Offer Skills Collection,reflex,reflex-v1.1.1,reflex.bundle.zip,26,337236,reflex-v1.1.1,2026-04-15T12:36:02Z
offer-agent-skills,Offer Skills Collection,log-verbosity-reduction,log-verbosity-reduction-v1.1.2,log-verbosity-reduction.bundle.zip,37,134689,log-verbosity-reduction-v1.1.2,2026-04-15T16:16:17Z
offer-agent-skills,Offer Skills Collection,reflex,reflex-v1.1.0,reflex.bundle.zip,1,314797,reflex-v1.1.0,2026-04-14T17:15:04Z
offer-agent-skills,Offer Skills Collection,log-verbosity-reduction,log-verbosity-reduction-v1.1.1,log-verbosity-reduction.bundle.zip,5,130740,log-verbosity-reduction-v1.1.1,2026-04-14T17:15:01Z
offer-agent-skills,Offer Skills Collection,log-verbosity-reduction,log-verbosity-reduction-v1.1.0,log-verbosity-reduction.bundle.zip,2,128684,log-verbosity-reduction-v1.1.0,2026-04-13T13:58:04Z
offer-agent-skills,Offer Skills Collection,reflex,reflex-v1.0.5,reflex.bundle.zip,19,284443,reflex-v1.0.5,2026-04-01T13:12:37Z
offer-agent-skills,Offer Skills Collection,reflex,reflex-v1.0.4,reflex.bundle.zip,18,274311,reflex-v1.0.4,2026-03-26T14:34:16Z
offer-agent-skills,Offer Skills Collection,batch-elasticity,batch-elasticity-v1.0.0,batch-elasticity.bundle.zip,6,6656,batch-elasticity-v1.0.0,2026-03-26T12:40:28Z
offer-agent-skills,Offer Skills Collection,reflex,reflex-v1.0.3,reflex.bundle.zip,16,251758,reflex-v1.0.3,2026-03-20T15:25:10Z
offer-agent-skills,Offer Skills Collection,reflex,reflex-v1.0.2,reflex.bundle.zip,10,250887,reflex-v1.0.2,2026-03-12T22:44:11Z
offer-agent-skills,Offer Skills Collection,reflex,reflex-v1.0.1,reflex.bundle.zip,11,250796,reflex-v1.0.1,2026-03-02T13:59:51Z
offer-agent-skills,Offer Skills Collection,reflex,reflex-v1.0.0,reflex.bundle.zip,10,237009,reflex-v1.0.0,2026-02-25T10:58:00Z
offer-agent-skills,Offer Skills Collection,log-verbosity-reduction,log-verbosity-reduction-v1.0.0,log-verbosity-reduction.bundle.zip,36,48868,log-verbosity-reduction-v1.0.0,2026-02-25T11:11:03Z
etk-workflow-instructions,ETK Workflow Instructions,etk-workflow,etk-workflow-v1.0.0,etk-workflow.bundle.zip,70,30340,etk-workflow-v1.0.0,2026-03-02T13:20:44Z
refx-nre-qa,RefX NRE QA Agents,refx-nre-qa-agents,refx-nre-qa-agents-v2.0.7,refx-nre-qa-agents.bundle.zip,4,173624,refx-nre-qa-agents-v2.0.7,2026-06-01T11:21:14Z
refx-nre-qa,RefX NRE QA Agents,refx-nre-qa-agents,refx-nre-qa-agents-v2.0.6,refx-nre-qa-agents.bundle.zip,0,173363,refx-nre-qa-agents-v2.0.6,2026-06-01T06:40:42Z
refx-nre-qa,RefX NRE QA Agents,refx-nre-qa-agents,refx-nre-qa-agents-v2.0.5,refx-nre-qa-agents.bundle.zip,5,171251,refx-nre-qa-agents-v2.0.5,2026-05-27T09:32:49Z
refx-nre-qa,RefX NRE QA Agents,refx-nre-qa-agents,refx-nre-qa-agents-v2.0.4,refx-nre-qa-agents.bundle.zip,7,166208,refx-nre-qa-agents-v2.0.4,2026-05-15T09:23:40Z
refx-nre-qa,RefX NRE QA Agents,refx-nre-qa-agents,refx-nre-qa-agents-v2.0.3,refx-nre-qa-agents.bundle.zip,3,157350,refx-nre-qa-agents-v2.0.3,2026-05-11T07:10:58Z
refx-nre-qa,RefX NRE QA Agents,refx-nre-qa-agents,refx-nre-qa-agents-v2.0.2,refx-nre-qa-agents.bundle.zip,4,156235,refx-nre-qa-agents-v2.0.2,2026-05-04T11:23:19Z
refx-nre-qa,RefX NRE QA Agents,refx-nre-qa-agents,refx-nre-qa-agents-v2.0.1,refx-nre-qa-agents.bundle.zip,2,149579,refx-nre-qa-agents-v2.0.1,2026-04-29T12:45:10Z
refx-nre-qa,RefX NRE QA Agents,refx-nre-qa-agents,refx-nre-qa-agents-v2.0.0,refx-nre-qa-agents.bundle.zip,3,149610,refx-nre-qa-agents-v2.0.0,2026-04-29T06:13:39Z
refx-nre-qa,RefX NRE QA Agents,refx-nre-qa-agents,refx-nre-qa-agents-v1.0.2,refx-nre-qa-agents.bundle.zip,12,6448,refx-nre-qa-agents-v1.0.2,2026-03-05T05:20:27Z
refx-nre-qa,RefX NRE QA Agents,refx-nre-qa-agents,refx-nre-qa-agents-v1.0.1,refx-nre-qa-agents.bundle.zip,1,6439,refx-nre-qa-agents-v1.0.1,2026-03-04T04:23:10Z
refx-nre-qa,RefX NRE QA Agents,refx-nre-qa-agents,refx-nre-qa-agents-v1.0.0,refx-nre-qa-agents.bundle.zip,1,4777,refx-nre-qa-agents-v1.0.0,2026-03-03T08:41:49Z
travel-companion-copilot-collections,Travel Companion Copilot Collections,illustrations,illustrations-v1.0.1,illustrations.bundle.zip,0,13407185,illustrations-v1.0.1,2026-06-12T10:37:22Z
travel-companion-copilot-collections,Travel Companion Copilot Collections,illustrations,illustrations-v1.0.0,illustrations.bundle.zip,0,13407182,illustrations-v1.0.0,2026-06-12T10:32:57Z
travel-companion-copilot-collections,Travel Companion Copilot Collections,travel-companion,travel-companion-v1.0.1,travel-companion.bundle.zip,2,9315,travel-companion-v1.0.1,2026-06-02T05:52:36Z
travel-companion-copilot-collections,Travel Companion Copilot Collections,stay-in-the-loop,stay-in-the-loop-v1.0.1,stay-in-the-loop.bundle.zip,1,1604,stay-in-the-loop-v1.0.1,2026-06-02T05:52:32Z
travel-companion-copilot-collections,Travel Companion Copilot Collections,stay-in-the-loop,stay-in-the-loop-v1.0.0,stay-in-the-loop.bundle.zip,0,1595,stay-in-the-loop-v1.0.0,2026-06-02T05:45:49Z
travel-companion-copilot-collections,Travel Companion Copilot Collections,travel-companion,travel-companion-v1.0.0,travel-companion.bundle.zip,2,9307,travel-companion-v1.0.0,2026-04-06T11:12:42Z
clean-code-in-the-cloud,Clean Code in the Cloud,skubedocs,skubedocs-v1.0.6,skubedocs.bundle.zip,5,2431645,skubedocs-v1.0.6,2026-06-11T08:29:12Z
clean-code-in-the-cloud,Clean Code in the Cloud,amadeus-microservice-coding-guidebook,amadeus-microservice-coding-guidebook-v1.0.2,amadeus-microservice-coding-guidebook.bundle.zip,3,190228,amadeus-microservice-coding-guidebook-v1.0.2,2026-06-11T13:43:45Z
clean-code-in-the-cloud,Clean Code in the Cloud,archreview,archreview-v1.0.3,archreview.bundle.zip,29,30939,archreview-v1.0.3,2026-05-29T17:08:57Z
clean-code-in-the-cloud,Clean Code in the Cloud,archreview,archreview-v1.0.2,archreview.bundle.zip,1,30937,archreview-v1.0.2,2026-05-29T16:55:56Z
clean-code-in-the-cloud,Clean Code in the Cloud,amadeus-microservice-coding-guidebook,amadeus-microservice-coding-guidebook-v1.0.1,amadeus-microservice-coding-guidebook.bundle.zip,215,171206,amadeus-microservice-coding-guidebook-v1.0.1,2026-05-05T12:23:55Z
clean-code-in-the-cloud,Clean Code in the Cloud,skubedocs,skubedocs-v1.0.5,skubedocs.bundle.zip,108,1960611,skubedocs-v1.0.5,2026-04-21T11:37:48Z
clean-code-in-the-cloud,Clean Code in the Cloud,cnadocs,cnadocs-v1.0.3,cnadocs.bundle.zip,72,360089,cnadocs-v1.0.3,2026-04-21T11:37:41Z
clean-code-in-the-cloud,Clean Code in the Cloud,archreview,archreview-v1.0.1,archreview.bundle.zip,66,35637,archreview-v1.0.1,2026-04-21T11:37:37Z
clean-code-in-the-cloud,Clean Code in the Cloud,amadeus-microservice-coding-guidebook,amadeus-microservice-coding-guidebook-v1.0.0,amadeus-microservice-coding-guidebook.bundle.zip,9,171607,amadeus-microservice-coding-guidebook-v1.0.0,2026-04-21T11:37:44Z
clean-code-in-the-cloud,Clean Code in the Cloud,cnadocs,cnadocs-v1.0.2,cnadocs.bundle.zip,9,359821,cnadocs-v1.0.2,2026-04-03T11:41:59Z
clean-code-in-the-cloud,Clean Code in the Cloud,archreview,archreview-v1.0.0,archreview.bundle.zip,9,29524,archreview-v1.0.0,2026-04-03T11:41:56Z
clean-code-in-the-cloud,Clean Code in the Cloud,skubedocs,skubedocs-v1.0.4,skubedocs.bundle.zip,31,1960342,skubedocs-v1.0.4,2026-04-01T17:49:02Z
clean-code-in-the-cloud,Clean Code in the Cloud,skubedocs,skubedocs-v1.0.3,skubedocs.bundle.zip,24,1960329,skubedocs-v1.0.3,2026-03-31T14:18:05Z
clean-code-in-the-cloud,Clean Code in the Cloud,skubedocs,skubedocs-v1.0.2,skubedocs.bundle.zip,12,1540315,skubedocs-v1.0.2,2026-03-26T17:12:51Z
clean-code-in-the-cloud,Clean Code in the Cloud,skubedocs,skubedocs-v1.0.1,skubedocs.bundle.zip,25,432293,skubedocs-v1.0.1,2026-03-17T20:14:56Z
clean-code-in-the-cloud,Clean Code in the Cloud,skubedocs,skubedocs-v1.0.0,skubedocs.bundle.zip,4,426604,skubedocs-v1.0.0,2026-03-17T11:56:53Z
clean-code-in-the-cloud,Clean Code in the Cloud,cnadocs,cnadocs-v1.0.1,cnadocs.bundle.zip,18,367483,cnadocs-v1.0.1,2026-03-17T20:21:17Z
clean-code-in-the-cloud,Clean Code in the Cloud,cnadocs,cnadocs-v1.0.0,cnadocs.bundle.zip,0,367483,cnadocs-v1.0.0,2026-03-17T20:14:53Z
opentelemetry-tracing-toolkit,OpenTelemetry Tracing Toolkit,opentelemetry-tracing-toolkit,opentelemetry-tracing-toolkit-v1.0.2,opentelemetry-tracing-toolkit.bundle.zip,13,57722,opentelemetry-tracing-toolkit-v1.0.2,2026-05-19T08:19:18Z
opentelemetry-tracing-toolkit,OpenTelemetry Tracing Toolkit,opentelemetry-tracing-toolkit,opentelemetry-tracing-toolkit-v1.0.1,opentelemetry-tracing-toolkit.bundle.zip,4,44353,opentelemetry-tracing-toolkit-v1.0.1,2026-04-27T13:44:54Z
opentelemetry-tracing-toolkit,OpenTelemetry Tracing Toolkit,opentelemetry-tracing-toolkit,opentelemetry-tracing-toolkit-v1.0.0,opentelemetry-tracing-toolkit.bundle.zip,11,26353,opentelemetry-tracing-toolkit-v1.0.0,2026-03-13T18:21:35Z
nevio-solution-architecture-runway,Nevio Solution Architecture Runway,nevio-solution-architecture-runway,nevio-solution-architecture-runway-v1.0.7,nevio-solution-architecture-runway.bundle.zip,2,382607,nevio-solution-architecture-runway-v1.0.7,2026-06-04T12:07:00Z
nevio-solution-architecture-runway,Nevio Solution Architecture Runway,nevio-solution-architecture-runway,nevio-solution-architecture-runway-v1.0.6,nevio-solution-architecture-runway.bundle.zip,9,382653,nevio-solution-architecture-runway-v1.0.6,2026-05-18T05:00:26Z
nevio-solution-architecture-runway,Nevio Solution Architecture Runway,nevio-solution-architecture-runway,nevio-solution-architecture-runway-v1.0.5,nevio-solution-architecture-runway.bundle.zip,2,339434,nevio-solution-architecture-runway-v1.0.5,2026-05-12T14:22:33Z
nevio-solution-architecture-runway,Nevio Solution Architecture Runway,nevio-solution-architecture-runway,nevio-solution-architecture-runway-v1.0.4,nevio-solution-architecture-runway.bundle.zip,1,338211,nevio-solution-architecture-runway-v1.0.4,2026-05-12T13:57:45Z
nevio-solution-architecture-runway,Nevio Solution Architecture Runway,nevio-solution-architecture-runway,nevio-solution-architecture-runway-v1.0.3,nevio-solution-architecture-runway.bundle.zip,1,14037,nevio-solution-architecture-runway-v1.0.3,2026-05-12T09:59:47Z
nevio-solution-architecture-runway,Nevio Solution Architecture Runway,nevio-solution-architecture-runway,nevio-solution-architecture-runway-v1.0.2,nevio-solution-architecture-runway.bundle.zip,0,23311,nevio-solution-architecture-runway-v1.0.2,2026-05-12T09:31:13Z
nevio-solution-architecture-runway,Nevio Solution Architecture Runway,nevio-solution-architecture-runway,nevio-solution-architecture-runway-v1.0.1,nevio-solution-architecture-runway.bundle.zip,0,26723,nevio-solution-architecture-runway-v1.0.1,2026-05-11T17:48:15Z
nevio-solution-architecture-runway,Nevio Solution Architecture Runway,nevio-solution-architecture-runway,nevio-solution-architecture-runway-v1.0.0,nevio-solution-architecture-runway.bundle.zip,1,26567,nevio-solution-architecture-runway-v1.0.0,2026-05-11T15:55:17Z
orms-qa-robot-helper,OrMS Robot test generator,orms-qa-automation-agent,orms-qa-automation-agent-v1.0.0,orms-qa-automation-agent.bundle.zip,3,22694,orms-qa-automation-agent-v1.0.0,2026-06-09T09:22:48Z
rail-context,Amadeus Rail Context,rail-ui-context,rail-ui-context-v1.0.2,rail-ui-context.bundle.zip,8,29568,rail-ui-context-v1.0.2,2026-04-15T08:15:53Z
rail-context,Amadeus Rail Context,rail-obe-context,rail-obe-context-v1.0.5,rail-obe-context.bundle.zip,6,36986,rail-obe-context-v1.0.5,2026-04-15T08:15:50Z
rail-context,Amadeus Rail Context,rail-devopstoolchain-context,rail-devopstoolchain-context-v1.0.2,rail-devopstoolchain-context.bundle.zip,2,10632,rail-devopstoolchain-context-v1.0.2,2026-04-15T08:15:47Z
rail-context,Amadeus Rail Context,rail-ui-context,rail-ui-context-v1.0.1,rail-ui-context.bundle.zip,0,70789,rail-ui-context-v1.0.1,2026-04-01T14:48:22Z
rail-context,Amadeus Rail Context,rail-obe-context,rail-obe-context-v1.0.4,rail-obe-context.bundle.zip,1,58801,rail-obe-context-v1.0.4,2026-04-01T14:48:18Z
rail-context,Amadeus Rail Context,rail-devopstoolchain-context,rail-devopstoolchain-context-v1.0.1,rail-devopstoolchain-context.bundle.zip,0,10668,rail-devopstoolchain-context-v1.0.1,2026-04-01T14:48:15Z
rail-context,Amadeus Rail Context,rail-ui-context,rail-ui-context-v1.0.0,rail-ui-context.bundle.zip,0,87427,rail-ui-context-v1.0.0,2026-03-31T09:40:40Z
rail-context,Amadeus Rail Context,rail-obe-context,rail-obe-context-v1.0.3,rail-obe-context.bundle.zip,1,136117,rail-obe-context-v1.0.3,2026-03-31T09:40:37Z
rail-context,Amadeus Rail Context,rail-devopstoolchain-context,rail-devopstoolchain-context-v1.0.0,rail-devopstoolchain-context.bundle.zip,0,6547,rail-devopstoolchain-context-v1.0.0,2026-03-26T15:05:37Z
rail-context,Amadeus Rail Context,rail-obe-context,rail-obe-context-v1.0.2,rail-obe-context.bundle.zip,1,136117,rail-obe-context-v1.0.2,2026-01-16T14:19:31Z
rail-context,Amadeus Rail Context,rail-obe-context,rail-obe-context-v1.0.1,rail-obe-context.bundle.zip,1,132855,rail-obe-context-v1.0.1,2026-01-15T09:41:08Z
rail-context,Amadeus Rail Context,rail-obe-context,rail-obe-context-v1.0.0,rail-obe-context.bundle.zip,1,131289,rail-obe-context-v1.0.0,2026-01-14T14:40:57Z
airline-solutions-architecture,Airline Solutions Architecture,airline-solutions-architecture,airline-solutions-architecture-v1.0.2,airline-solutions-architecture.bundle.zip,88,79460,airline-solutions-architecture-v1.0.2,2026-05-12T12:44:10Z
airline-solutions-architecture,Airline Solutions Architecture,airline-solutions-architecture,airline-solutions-architecture-v1.0.1,airline-solutions-architecture.bundle.zip,2,164315,airline-solutions-architecture-v1.0.1,2026-05-12T07:38:29Z
airline-solutions-architecture,Airline Solutions Architecture,airline-solutions-architecture,airline-solutions-architecture-v1.0.0,airline-solutions-architecture.bundle.zip,20,169475,airline-solutions-architecture-v1.0.0,2026-04-10T15:42:07Z
design-factory,Design Factory AI Skills,design-factory,design-factory-v1.0.1,design-factory.bundle.zip,38,189290,design-factory-v1.0.1,2026-04-28T08:13:02Z
specs-as-code-collection,Specifications as Code Collection,specifications-as-code-collection,specifications-as-code-collection-v1.0.4,specifications-as-code-collection.bundle.zip,8,37824,specifications-as-code-collection-v1.0.4,2026-06-02T09:17:33Z
specs-as-code-collection,Specifications as Code Collection,specifications-as-code-collection,specifications-as-code-collection-v1.0.3,specifications-as-code-collection.bundle.zip,5,35905,specifications-as-code-collection-v1.0.3,2026-05-31T13:52:10Z
specs-as-code-collection,Specifications as Code Collection,specifications-as-code-collection,specifications-as-code-collection-v1.0.2,specifications-as-code-collection.bundle.zip,1,35905,specifications-as-code-collection-v1.0.2,2026-05-19T09:32:44Z
specs-as-code-collection,Specifications as Code Collection,specifications-as-code-collection,specifications-as-code-collection-v1.0.1,specifications-as-code-collection.bundle.zip,0,5912,specifications-as-code-collection-v1.0.1,2026-05-19T08:58:37Z
specs-as-code-collection,Specifications as Code Collection,specifications-as-code-collection,specifications-as-code-collection-v1.0.0,specifications-as-code-collection.bundle.zip,0,5785,specifications-as-code-collection-v1.0.0,2026-05-19T07:53:49Z
uis-ui-blueprint,UI Blueprint AI Skills and Instructions,uiblueprint-collection,uiblueprint-collection-v1.0.2,uiblueprint-collection.bundle.zip,4,8270,uiblueprint-collection-v1.0.2,2026-05-20T12:31:01Z
eed-genai-agentic-toolkit,EED GenAI Agentic Toolkit,javaswing-angular,javaswing-angular-v1.0.1,javaswing-angular.bundle.zip,1,28432,javaswing-angular-v1.0.1,2026-06-09T08:00:25Z
eed-genai-agentic-toolkit,EED GenAI Agentic Toolkit,javaswing-angular,javaswing-angular-v1.0.0,javaswing-angular.bundle.zip,1,28433,javaswing-angular-v1.0.0,2026-06-09T06:59:03Z
eed-genai-agentic-toolkit,EED GenAI Agentic Toolkit,migration-planning,migration-planning-v1.0.2,migration-planning.bundle.zip,6,26671,migration-planning-v1.0.2,2026-06-08T08:35:37Z
eed-genai-agentic-toolkit,EED GenAI Agentic Toolkit,migration-planning,migration-planning-v1.0.1,migration-planning.bundle.zip,4,26689,migration-planning-v1.0.1,2026-06-08T06:36:54Z
eed-genai-agentic-toolkit,EED GenAI Agentic Toolkit,design-factory-angular,design-factory-angular-v1.0.1,design-factory-angular.bundle.zip,6,11456,design-factory-angular-v1.0.1,2026-06-08T08:45:30Z
eed-genai-agentic-toolkit,EED GenAI Agentic Toolkit,coach-developers-to-prompt,coach-developers-to-prompt-v1.0.0,coach-developers-to-prompt.bundle.zip,1,15473,coach-developers-to-prompt-v1.0.0,2026-06-08T06:00:37Z
eed-genai-agentic-toolkit,EED GenAI Agentic Toolkit,migration-planning,migration-planning-v1.0.0,migration-planning.bundle.zip,12,2883,migration-planning-v1.0.0,2026-05-20T09:26:52Z
eed-genai-agentic-toolkit,EED GenAI Agentic Toolkit,context-generation-collection,context-generation-collection-v1.0.0,context-generation-collection.bundle.zip,14,7901,context-generation-collection-v1.0.0,2026-05-18T05:55:49Z
eed-genai-agentic-toolkit,EED GenAI Agentic Toolkit,design-factory-angular,design-factory-angular-v1.0.0,design-factory-angular.bundle.zip,14,11480,design-factory-angular-v1.0.0,2026-04-23T08:35:49Z
eed-genai-agentic-toolkit,EED GenAI Agentic Toolkit,webapp-parity,webapp-parity-v1.0.1,webapp-parity.bundle.zip,15,12435,webapp-parity-v1.0.1,2026-04-11T09:27:04Z
eed-genai-agentic-toolkit,EED GenAI Agentic Toolkit,testing,testing-v1.0.1,testing.bundle.zip,14,8962,testing-v1.0.1,2026-04-11T09:27:01Z
eed-genai-agentic-toolkit,EED GenAI Agentic Toolkit,skill-best-practices,skill-best-practices-v1.0.1,skill-best-practices.bundle.zip,0,2025,skill-best-practices-v1.0.1,2026-04-11T09:26:58Z
eed-genai-agentic-toolkit,EED GenAI Agentic Toolkit,search-and-learn,search-and-learn-v1.0.1,search-and-learn.bundle.zip,15,2811,search-and-learn-v1.0.1,2026-04-11T09:26:55Z
eed-genai-agentic-toolkit,EED GenAI Agentic Toolkit,angular-migration,angular-migration-v1.0.1,angular-migration.bundle.zip,22,20655,angular-migration-v1.0.1,2026-04-11T09:26:53Z
eed-genai-agentic-toolkit,EED GenAI Agentic Toolkit,amadeus-pptx,amadeus-pptx-v1.0.1,amadeus-pptx.bundle.zip,6,20875,amadeus-pptx-v1.0.1,2026-04-11T09:26:50Z
eed-genai-agentic-toolkit,EED GenAI Agentic Toolkit,webapp-parity,webapp-parity-v1.0.0,webapp-parity.bundle.zip,0,12427,webapp-parity-v1.0.0,2026-04-10T12:24:31Z
eed-genai-agentic-toolkit,EED GenAI Agentic Toolkit,testing,testing-v1.0.0,testing.bundle.zip,0,8955,testing-v1.0.0,2026-04-10T12:24:29Z
eed-genai-agentic-toolkit,EED GenAI Agentic Toolkit,skill-best-practices,skill-best-practices-v1.0.0,skill-best-practices.bundle.zip,0,2031,skill-best-practices-v1.0.0,2026-04-10T12:24:27Z
eed-genai-agentic-toolkit,EED GenAI Agentic Toolkit,search-and-learn,search-and-learn-v1.0.0,search-and-learn.bundle.zip,0,2782,search-and-learn-v1.0.0,2026-04-10T12:24:25Z
eed-genai-agentic-toolkit,EED GenAI Agentic Toolkit,angular-migration,angular-migration-v1.0.0,angular-migration.bundle.zip,0,20643,angular-migration-v1.0.0,2026-04-10T12:24:23Z
eed-genai-agentic-toolkit,EED GenAI Agentic Toolkit,amadeus-pptx,amadeus-pptx-v1.0.0,amadeus-pptx.bundle.zip,0,20888,amadeus-pptx-v1.0.0,2026-04-10T12:24:20Z
ide-project-template-generator-skills,IDE VS Code Project Template Generator Skills Collection,vscode-project-template-generator,scode-project-template-generator-v1.0.0,vscode-project-template-generator.bundle.zip,1,57858,vscode-project-template-generator-v1.0.0,2026-05-31T13:30:31Z
opo-engineering-agent-guides,OPO Engineering Agent Guides,orion-skube-version-upgrade,orion-skube-version-upgrade-v1.0.0,orion-skube-version-upgrade.bundle.zip,3,21173,orion-skube-version-upgrade-v1.0.0,2026-05-21T07:22:53Z
docgen,DocGen - Expert Documentation Analyst,expert-documentation-analyst,expert-documentation-analyst-v1.0.0,expert-documentation-analyst.bundle.zip,0,7129,expert-documentation-analyst-v1.0.0,2026-06-08T17:51:08Z
nevio-sre-ai-toolkit,Nevio SRE AI Toolkit,nevio-gitops-diagnostics,nevio-gitops-diagnostics-v1.0.2,nevio-gitops-diagnostics.bundle.zip,2,15273,nevio-gitops-diagnostics-v1.0.2,2026-06-09T08:18:56Z
nevio-sre-ai-toolkit,Nevio SRE AI Toolkit,nevio-finops-reporting,nevio-finops-reporting-v1.0.2,nevio-finops-reporting.bundle.zip,0,5508,nevio-finops-reporting-v1.0.2,2026-05-26T09:57:30Z
nevio-sre-ai-toolkit,Nevio SRE AI Toolkit,nevio-finops-reporting,nevio-finops-reporting-v1.0.1,nevio-finops-reporting.bundle.zip,0,4954,nevio-finops-reporting-v1.0.1,2026-05-22T15:00:35Z
nevio-sre-ai-toolkit,Nevio SRE AI Toolkit,nevio-gitops-diagnostics,nevio-gitops-diagnostics-v1.0.1,nevio-gitops-diagnostics.bundle.zip,0,15268,nevio-gitops-diagnostics-v1.0.1,2026-05-04T15:35:30Z
nevio-sre-ai-toolkit,Nevio SRE AI Toolkit,nevio-renovate-automation,nevio-renovate-automation-v1.0.0,nevio-renovate-automation.bundle.zip,0,4320,nevio-renovate-automation-v1.0.0,2026-04-30T13:52:52Z
nevio-sre-ai-toolkit,Nevio SRE AI Toolkit,nevio-gitops-diagnostics,nevio-gitops-diagnostics-v1.0.0,nevio-gitops-diagnostics.bundle.zip,0,15265,nevio-gitops-diagnostics-v1.0.0,2026-04-30T13:52:48Z
nevio-sre-ai-toolkit,Nevio SRE AI Toolkit,nevio-finops-reporting,nevio-finops-reporting-v1.0.0,nevio-finops-reporting.bundle.zip,0,1615,nevio-finops-reporting-v1.0.0,2026-04-30T13:52:45Z
nevio-sre-ai-toolkit,Nevio SRE AI Toolkit,nevio-deployment-automation,nevio-deployment-automation-v1.0.0,nevio-deployment-automation.bundle.zip,0,41842,nevio-deployment-automation-v1.0.0,2026-04-30T13:52:41Z
EMEA-digital-services-workflow,EMEA Digital Services Workflow,emea-digital-services-workflow,emea-digital-services-workflow-v1.0.0,emea-digital-services-workflow.bundle.zip,0,12611,emea-digital-services-workflow-v1.0.0,2026-06-12T07:19:41Z